ID,Full Name,Party
1000,ADAMCZYK ANDRZEJ,PiS
1001,ANDRUSZKIEWICZ ADAM,PiS
1002,ANDZEL WALDEMAR,PiS
1003,ARDANOWSKI JAN KRZYSZTOF,PiS
1004,ARENT IWONA,PiS
1005,AST MAREK,PiS
1006,BABALSKI ZBIGNIEW,PiS
1007,BABINETZ PIOTR,PiS
1008,BARTOSIK RYSZARD,PiS
1009,BARTUŚ BARBARA,PiS
1010,BASZKO MIECZYSŁAW,PiS
1011,BĄK DARIUSZ,PiS
1012,BŁASZCZAK MARIUSZ,PiS
1013,BOCHENEK RAFAŁ,PiS
1014,BOROWIAK JOANNA,PiS
1015,BORTNICZUK KAMIL,PiS
1016,BORYS-SZOPA BOŻENA,PiS
1017,BUDA WALDEMAR,PiS
1018,BURZYŃSKA LIDIA,PiS
1019,CHMIELOWIEC ZBIGNIEW,PiS
1020,CHOMA KAZIMIERZ,PiS
1021,CHOROSIŃSKA DOMINIKA,PiS
1022,CHRZAN TADEUSZ,PiS
1023,CICHOLSKA ANNA EWA,PiS
1024,CIEŚLAK MICHAŁ,PiS
1025,CYMAŃSKI TADEUSZ,PiS
1026,CZARNECKI KRZYSZTOF,PiS
1027,CZARNECKI PRZEMYSŁAW,PiS
1028,CZARNECKI WITOLD,PiS
1029,CZARNEK PRZEMYSŁAW,PiS
1030,CZARTORYSKI ARKADIUSZ,PiS
1031,CZERWIŃSKA ANITA,PiS
1032,CZOCHARA KATARZYNA,PiS
1033,DĄBROWSKA-BANASZEK ANNA,PiS
1034,DOBRZYŃSKI LESZEK,PiS
1035,DOLATA ZBIGNIEW,PiS
1036,DORYWALSKI BARTŁOMIEJ,PiS
1037,DRABEK PRZEMYSŁAW,PiS
1038,DUDA ELŻBIETA,PiS
1039,DUDA JAN,PiS
1040,DUSZEK MARCIN,PiS
1041,DWORCZYK MICHAŁ,PiS
1042,DZIEDZICZAK JAN,PiS
1043,DZIUK BARBARA,PiS
1044,EMILEWICZ JADWIGA,PiS
1045,FILIPIAK EWA,PiS
1046,FOGIEL RADOSŁAW,PiS
1047,GALEMBA LESZEK,PiS
1048,GAWĘDA ADAM,PiS
1049,GAWRON ANDRZEJ,PiS
1050,GAŻA GRZEGORZ,PiS
1051,GEMBICKA ANNA,PiS
1052,GIŻYŃSKI SZYMON,PiS
1053,GLENC TERESA,PiS
1054,GLIŃSKI PIOTR,PiS
1055,GŁUCHOWSKI KRZYSZTOF,PiS
1056,GOLIŃSKA MAŁGORZATA,PiS
1057,GOŁOJUCH KAZIMIERZ,PiS
1058,GONCIARZ JAROSŁAW,PiS
1059,GONTARZ ROBERT,PiS
1060,GOSEK MARIUSZ,PiS
1061,GOSIEWSKA MAŁGORZATA,PiS
1062,GÓRSKA AGNIESZKA,PiS
1063,GÓRSKI MACIEJ,PiS
1064,GRÓBARCZYK MAREK,PiS
1065,GUT-MOSTOWY ANDRZEJ,PiS
1066,GWIAZDOWSKI KAZIMIERZ,PiS
1067,GWÓŹDŹ MARCIN,PiS
1068,HAŁAS TERESA,PiS
1069,HOC CZESŁAW,PiS
1070,HOFFMANN ZBIGNIEW GRZEGORZ,PiS
1071,HORAŁA MARCIN,PiS
1072,HRENIAK PAWEŁ,PiS
1073,JACH MICHAŁ,PiS
1074,JANOWSKA MAŁGORZATA,PiS
1075,KACZMARCZYK NORBERT,PiS
1076,KACZYŃSKI FILIP,PiS
1077,KACZYŃSKI JAROSŁAW,PiS
1078,KALETA PIOTR,PiS
1079,KALETA SEBASTIAN,PiS
1080,KAŁUŻNY MARIUSZ,PiS
1081,KAMIŃSKI MARIUSZ,PiS
1082,KANTHAK JAN,PiS
1083,KAPINOS FRYDERYK,PiS
1084,KOŁAKOWSKI LECH,PiS
1085,KOSSAKOWSKI WOJCIECH,PiS
1086,KOSZTOWNIAK ANDRZEJ,PiS
1087,KOWALCZYK HENRYK,PiS
1088,KOWALCZYK LESZEK,PiS
1089,KOWALSKI JANUSZ,PiS
1090,KOWNACKI BARTOSZ,PiS
1091,KOZANECKA EWA,PiS
1092,KOZIK KRZYSZTOF JANUSZ,PiS
1093,KRAJEWSKI JAROSŁAW,PiS
1094,KRAJEWSKI WIESŁAW,PiS
1095,KRASULSKI LEONARD,PiS
1096,KRÓL PIOTR,PiS
1097,KRUPKA ANNA,PiS
1098,KRYJ ANDRZEJ,PiS
1099,KUBIAK MARTA,PiS
1100,KUBÓW KRZYSZTOF,PiS
1101,KUCHCIŃSKI MAREK,PiS
1102,KUROWSKA IWONA,PiS
1103,KUROWSKA MARIA,PiS
1104,KUROWSKI WŁADYSŁAW,PiS
1105,KURZĘPA JACEK,PiS
1106,KWIECIEŃ ANNA,PiS
1107,KWITEK MAREK,PiS
1108,LATOS TOMASZ,PiS
1109,LICHOCKA JOANNA,PiS
1110,LIPIEC KRZYSZTOF,PiS
1111,LISIECKI PAWEŁ,PiS
1112,LOREK GRZEGORZ,PiS
1113,ŁAPIAK ALEKSANDRA,PiS
1114,ŁAWNICZAK TOMASZ,PiS
1115,MACHAŁEK MARZENA,PiS
1116,MACIEREWICZ ANTONI,PiS
1117,MALĄG MARLENA MAGDALENA,PiS
1118,MALIK EWA,PiS
1119,MAŁECKI JERZY,PiS
1120,MAŁECKI MACIEJ,PiS
1121,MATERNA JERZY,PiS
1122,MATEUSIAK-PIELUCHA BEATA,PiS
1123,MATUSIAK GRZEGORZ,PiS
1124,MATUSZEWSKI MAREK,PiS
1125,MATUSZNY KAZIMIERZ,PiS
1126,MILCZANOWSKA ANNA,PiS
1127,MILEWSKI DANIEL,PiS
1128,MORAWIECKI MATEUSZ,PiS
1129,MOSIŃSKI JAN,PiS
1130,MOSKAL KAZIMIERZ,PiS
1131,MRÓWCZYŃSKI ALEKSANDER,PiS
1132,MULARCZYK ARKADIUSZ,PiS
1133,MÜLLER PIOTR,PiS
1134,MURDZEK WOJCIECH,PiS
1135,NOWICKA DANUTA,PiS
1136,OCIEPA MARCIN,PiS
1137,OLEJNICZAK WALDEMAR,PiS
1138,OLSZEWSKI DARIUSZ,PiS
1139,OŁDAKOWSKI ADAM,PiS
1140,OSUCH JACEK,PiS
1141,OZDOBA JACEK,PiS
1142,PALUCH ANNA,PiS
1143,PAMUŁA TERESA,PiS
1144,PAUL JERZY,PiS
1145,PAWŁOWSKA MONIKA,PiS
1146,PIECHA BOLESŁAW,PiS
1147,PIECHOWIAK GRZEGORZ,PiS
1148,PIECZARKA ANNA,PiS
1149,PIONTKOWSKI DARIUSZ,PiS
1150,PŁAŻYŃSKI KACPER,PiS
1151,PŁONKA ELŻBIETA,PiS
1152,POGODA SZYMON,PiS
1153,POLACZEK JERZY,PiS
1154,POLAK MAREK,PiS
1155,POLAK PIOTR,PiS
1156,POROWSKA VIOLETTA,PiS
1157,PORZUCEK MARCIN,PiS
1158,PUDA GRZEGORZ,PiS
1159,RAU ZBIGNIEW,PiS
1160,ROMANOWSKI RAFAŁ,PiS
1161,RUSECKA URSZULA,PiS
1162,RYCHLIK PAWEŁ,PiS
1163,RZYMKOWSKI TOMASZ,PiS
1164,SAK PIOTR,PiS
1165,SASIN JACEK,PiS
1166,SCHMIDT ANNA,PiS
1167,SCHREIBER ŁUKASZ,PiS
1168,SELLIN JAROSŁAW,PiS
1169,SIARKA EDWARD,PiS
1170,SIPIERA ZDZISŁAW,PiS
1171,SKWAREK SŁAWOMIR,PiS
1172,SMOLIŃSKI KAZIMIERZ,PiS
1173,SOBOLEWSKI KRZYSZTOF,PiS
1174,SOBOŃ ARTUR,PiS
1175,SOIN AGNIESZKA,PiS
1176,SÓJKA KATARZYNA,PiS
1177,STACHOWIAK-RÓŻECKA MIROSŁAWA,PiS
1178,STEFANIUK DARIUSZ,PiS
1179,STRZAŁKA BEATA,PiS
1180,SUSKI MAREK,PiS
1181,SZAŁABAWKA ARTUR,PiS
1182,SZARAMA WOJCIECH,PiS
1183,SZCZUREK-ŻELAZKO JÓZEFA,PiS
1184,SZEFERNAKER PAWEŁ,PiS
1185,SZLACHTA ANDRZEJ,PiS
1186,SZULOWSKI KRZYSZTOF,PiS
1187,SZWED STANISŁAW,PiS
1188,SZYMAŃSKA EWA,PiS
1189,SZYNKOWSKI VEL SĘK SZYMON,PiS
1190,ŚNIADEK JANUSZ,PiS
1191,ŚNIEŻEK ADAM,PiS
1192,ŚWIAT JACEK,PiS
1193,TCHÓRZEWSKI KRZYSZTOF,PiS
1194,TELUS ROBERT,PiS
1195,TERLECKI RYSZARD,PiS
1196,TOMASZEWSKI WŁODZIMIERZ,PiS
1197,TREPKA MARIUSZ,PiS
1198,TUŁAJEW SYLWESTER,PiS
1199,URUSKI PIOTR,PiS
1200,UŚCIŃSKI PIOTR,PiS
1201,WARCHOŁ MARCIN,PiS
1202,WARGOCKA TERESA,PiS
1203,WARWAS ROBERT,PiS
1204,WARZECHA JAN,PiS
1205,WASSERMANN MAŁGORZATA,PiS
1206,WAWRZYK PIOTR,PiS
1207,WĄSIK MACIEJ,PiS
1208,WEBER RAFAŁ,PiS
1209,WESOŁY MAREK,PiS
1210,WICHER PATRYK,PiS
1211,WITEK ELŻBIETA,PiS
1212,WOJCIECHOWSKI GRZEGORZ,PiS
1213,WOJTYSZEK AGATA KATARZYNA,PiS
1214,WOŚ MICHAŁ,PiS
1215,WOŹNIAK GRZEGORZ ADAM,PiS
1216,WOŹNIAK TADEUSZ,PiS
1217,WÓJCIK MICHAŁ,PiS
1218,WRÓBLEWSKI BARTŁOMIEJ,PiS
1219,ZAWIŚLAK SŁAWOMIR,PiS
1220,ZIELIŃSKA ELŻBIETA,PiS
1221,ZIELIŃSKI JAROSŁAW,PiS
1222,ZIELIŃSKI TOMASZ,PiS
1223,ZIOBRO ZBIGNIEW,PiS
1224,ZUBOWSKI WOJCIECH,PiS
1225,ZYSKA IRENEUSZ,PiS
1424,KUKIZ PAWEŁ,Kukiz15
1425,SACHAJKO JAROSŁAW,Kukiz15
1426,ŻUK STANISŁAW,Kukiz15
1430,GIRZYŃSKI ZBIGNIEW,PS
1431,SOŚNIERZ ANDRZEJ,PS
1432,ŚCIGAJ AGNIESZKA,PS
1433,AJCHLER ZBIGNIEW,niez.
1434,MEJZA ŁUKASZ,niez.
1226,ADAMOWICZ PIOTR,KO
1227,ANIŚKO TOMASZ,KO
1228,AUGUSTYN URSZULA,KO
1229,AZIEWICZ TADEUSZ,KO
1230,BOCHENEK MATEUSZ,KO
1231,BOROWCZAK JERZY,KO
1232,BORYS PIOTR,KO
1233,BUDKA BORYS,KO
1234,CICHOŃ JANUSZ,KO
1235,CYRAŃSKI ADAM,KO
1236,CZERNOW ZOFIA,KO
1237,CZYKWIN EUGENIUSZ,KO
1238,DOLNIAK BARBARA,KO
1239,DZIKOWSKI WALDY,KO
1240,FABISIAK JOANNA,KO
1241,FILIKS MAGDALENA,KO
1242,FRYDRYCH JOANNA,KO
1243,FRYSZTAK KONRAD,KO
1244,GADOWSKI KRZYSZTOF,KO
1245,GAJEWSKA ALEKSANDRA,KO
1246,GAJEWSKA KINGA,KO
1247,GAPIŃSKA ELŻBIETA,KO
1248,GASIUK-PIHOWICZ KAMILA,KO
1249,GELERT ELŻBIETA,KO
1250,GŁOGOWSKI TOMASZ,KO
1251,GOLBIK MARTA,KO
1252,GRABARCZYK CEZARY,KO
1253,GRABCZUK KRZYSZTOF,KO
1254,GRABIEC JAN,KO
1255,GRUPIŃSKI RAFAŁ,KO
1256,HANAJCZYK AGNIESZKA,KO
1257,HARDIE-DOUGLAS JERZY,KO
1258,HARTWICH IWONA,KO
1259,HOK MAREK,KO
1260,JACHIRA KLAUDIA,KO
1261,JANYSKA MARIA MAŁGORZATA,KO
1262,JAROS MICHAŁ,KO
1263,JAŚKOWIAK JOANNA,KO
1264,JOŃSKI DARIUSZ,KO
1265,KIDAWA-BŁOŃSKA MAŁGORZATA,KO
1266,KIERWIŃSKI MARCIN,KO
1267,KLUZIK-ROSTKOWSKA JOANNA,KO
1268,KOŁODZIEJ EWA,KO
1269,KONWIŃSKI ZBIGNIEW,KO
1270,KOSTUŚ TOMASZ,KO
1271,KOWAL PAWEŁ,KO
1272,KOZŁOWSKA IWONA MARIA,KO
1273,KRAWCZYK MICHAŁ,KO
1274,KROPIWNICKI ROBERT,KO
1275,KRÓL WOJCIECH,KO
1276,KRZĄKAŁA MAREK,KO
1277,KRZYWONOS-STRYCHARSKA HENRYKA,KO
1278,LASEK MACIEJ,KO
1279,LENARTOWICZ GABRIELA,KO
1280,LESZCZYNA IZABELA,KO
1281,LUBNAUER KATARZYNA,KO
1282,ŁĄCKI ARTUR,KO
1283,ŁOŚKO MAGDALENA,KO
1284,MARCHEWKA ARKADIUSZ,KO
1285,MARCZUŁAJTIS-WALCZAK JAGNA,KO
1286,MIESZKOWSKI KRZYSZTOF,KO
1287,MILLER RAJMUND,KO
1288,MISZALSKI ALEKSANDER,KO
1289,MROCZEK CZESŁAW,KO
1290,MRZYGŁOCKA IZABELA KATARZYNA,KO
1291,MYRCHA ARKADIUSZ,KO
1292,NAPIERALSKI GRZEGORZ,KO
1293,NEUMANN SŁAWOMIR,KO
1294,NIEDZIELA DOROTA,KO
1295,NIEMCZYK MAŁGORZATA,KO
1296,NITRAS SŁAWOMIR,KO
1297,NOWACKA BARBARA,KO
1298,NOWAK TOMASZ PIOTR,KO
1299,NYKIEL MIROSŁAWA,KO
1300,OKŁA-DREWNOWICZ MARZENA,KO
1301,OLICHWER TOMASZ,KO
1302,OLSZEWSKI PAWEŁ,KO
1303,OSOS KATARZYNA,KO
1304,PAPKE PAWEŁ,KO
1305,PĘPEK MAŁGORZATA,KO
1306,PIĄTKOWSKI KRZYSZTOF,KO
1307,PIECHOTA SŁAWOMIR JAN,KO
1308,PIEKARSKA KATARZYNA MARIA,KO
1309,PLOCKE KAZIMIERZ,KO
1310,POMASKA AGNIESZKA,KO
1311,PONCYLJUSZ PAWEŁ,KO
1312,PROTAS JACEK,KO
1313,ROSA MONIKA,KO
1314,ROSATI DARIUSZ,KO
1315,RUSIECKI GRZEGORZ,KO
1316,RUTNICKI JAKUB,KO
1317,RZĄSA MAREK,KO
1318,SAŁUGA WOJCIECH,KO
1319,SCHETYNA GRZEGORZ,KO
1320,SIBIŃSKA KRYSTYNA,KO
1321,SIEMONIAK TOMASZ,KO
1322,SIENKIEWICZ BARTŁOMIEJ,KO
1323,SKOWROŃSKA KRYSTYNA,KO
1324,SŁUGOCKI WALDEMAR,KO
1325,SOWA MAREK,KO
1326,STERCZEWSKI FRANCISZEK,KO
1327,SZCZERBA MICHAŁ,KO
1328,SZEWIŃSKI ANDRZEJ,KO
1329,SZŁAPKA ADAM,KO
1330,SZUMILAS KRYSTYNA,KO
1331,SZYMAŃSKI TOMASZ,KO
1332,ŚLEDZIŃSKA-KATARASIŃSKA IWONA,KO
1333,TOMCZYK CEZARY,KO
1334,TRACZ MAŁGORZATA,KO
1335,TRUSKOLASKI KRZYSZTOF,KO
1336,TYSZKIEWICZ ROBERT,KO
1337,URBANIAK JAROSŁAW,KO
1338,WAŁĘSA JAROSŁAW,KO
1339,WCISŁO MARTA,KO
1340,WIELICHOWSKA MONIKA,KO
1341,WILCZYŃSKI RYSZARD,KO
1342,WITCZAK MARIUSZ,KO
1343,WOJCIECHOWSKA ANNA,KO
1344,ZEMBACZYŃSKI WITOLD,KO
1345,ZIELIŃSKA URSZULA,KO
1346,ZIENTARSKI PIOTR BENEDYKT,KO
1347,ZWIEFKA TADEUSZ,KO
1348,ŻMIJAN STANISŁAW,KO
1349,ADAMCZYK RAFAŁ,Lewica
1350,AJCHLER ROMUALD,Lewica
1351,BIEJAT MAGDALENA,Lewica
1352,BUŻ WIESŁAW,Lewica
1353,CZARZASTY WŁODZIMIERZ,Lewica
1354,CZERNIAK JACEK,Lewica
1355,DYDUCH MAREK,Lewica
1356,DZIEMIANOWICZ-BĄK AGNIESZKA,Lewica
1357,FALEJ MONIKA,Lewica
1358,GAWKOWSKI KRZYSZTOF,Lewica
1359,GDULA MACIEJ,Lewica
1360,GOSEK-POPIOŁEK DARIA,Lewica
1361,IWANIAK ARKADIUSZ,Lewica
1362,KONIECZNY MACIEJ,Lewica
1363,KOPERSKI PRZEMYSŁAW,Lewica
1364,KOPIEC MACIEJ,Lewica
1365,KOTULA KATARZYNA,Lewica
1366,KRETKOWSKA KATARZYNA,Lewica
1367,KRUTUL PAWEŁ,Lewica
1368,KUCHARSKA-DZIEDZIC ANITA,Lewica
1369,KULASEK MARCIN,Lewica
1370,MATYSIAK PAULINA,Lewica
1371,NOWICKA WANDA,Lewica
1372,OBAZ ROBERT,Lewica
1373,PROKOP-PACZKOWSKA MAŁGORZATA,Lewica
1374,RUTKA MAREK,Lewica
1375,SCHEURING-WIELGUS JOANNA,Lewica
1376,SEKUŁA-SZMAJDZIŃSKA MAŁGORZATA,Lewica
1377,SOWIŃSKA ANITA,Lewica
1378,SZCZEPAŃSKI WIESŁAW,Lewica
1379,SZEJNA ANDRZEJ,Lewica
1380,SZOPIŃSKI JAN,Lewica
1381,ŚMISZEK KRZYSZTOF,Lewica
1382,TOMASZEWSKI TADEUSZ,Lewica
1383,TRELA TOMASZ,Lewica
1384,UEBERHAN KATARZYNA,Lewica
1385,WIECZOREK DARIUSZ,Lewica
1386,WOLSKI ZDZISŁAW,Lewica
1387,WONTOR BOGUSŁAW,Lewica
1388,ZANDBERG ADRIAN,Lewica
1389,ZAWISZA MARCELINA,Lewica
1390,ŻUKOWSKA ANNA MARIA,Lewica
1391,BARTOSZEWSKI WŁADYSŁAW TEOFIL,KP
1392,BEJDA PAWEŁ,KP
1393,BIERNACKI MAREK,KP
1394,BUKOWIEC STANISŁAW,KP
1395,GRZYB ANDRZEJ,KP
1396,KASPRZAK MIECZYSŁAW,KP
1397,KLIMCZAK DARIUSZ,KP
1398,KOSINIAK-KAMYSZ WŁADYSŁAW,KP
1399,KRAJEWSKI STEFAN,KP
1400,KURZAWA DARIUSZ,KP
1401,LUBCZYK RADOSŁAW,KP
1402,ŁOPATA JAN,KP
1403,MALISZEWSKI MIROSŁAW,KP
1404,MICHAŁEK IWONA,KP
1405,NOWOGÓRSKA URSZULA,KP
1406,PASŁAWSKA URSZULA,KP
1407,PASZYK KRZYSZTOF,KP
1408,PROTASIEWICZ JACEK,KP
1409,RAŚ IRENEUSZ,KP
1410,RZEPA JAROSŁAW,KP
1411,SAWICKI MAREK,KP
1412,SIEKIERSKI CZESŁAW,KP
1413,SROKA MAGDALENA,KP
1414,TOMCZAK JACEK,KP
1415,ZGORZELSKI PIOTR,KP
1416,ZIEJEWSKI ZBIGNIEW,KP
1417,ŻELAZOWSKA BOŻENA,KP
1418,SOŚNIERZ DOBROMIR,Konfederacja
1419,GRAMATYKA MICHAŁ,Polska2050
1420,HENNIG-KLOSKA PAULINA,Polska2050
1421,MUCHA JOANNA,Polska2050
1422,SUCHOŃ MIROSŁAW,Polska2050
1423,ZIMOCH TOMASZ,Polska2050
1427,KWIATKOWSKI ROBERT,LD
1428,ROZENEK ANDRZEJ,LD
1429,SENYSZYN JOANNA,LD
1435,DZIAMBOR ARTUR,niez.
1436,GALLA RYSZARD,niez.
1437,GILL-PIĄTEK HANNA,niez.
1438,GOWIN JAROSŁAW,niez.
1439,MAKSYMOWICZ WOJCIECH,niez.
1440,PAWLICZAK KAROLINA,niez.
1441,SONIK BOGUSŁAW,niez.
1442,SZRAMKA PAWEŁ,niez.
1443,WYPIJ MICHAŁ,niez.
1444,BERKOWICZ KONRAD,Konfederacja
1445,BOSAK KRZYSZTOF,Konfederacja
1446,BRAUN GRZEGORZ,Konfederacja
1447,KAMIŃSKI KRYSTIAN,Konfederacja
1448,KORWIN-MIKKE JANUSZ,Konfederacja
1449,SIARKOWSKA ANNA MARIA,Konfederacja
1450,TUDUJ KRZYSZTOF,Konfederacja
1451,TYSZKA STANISŁAW,Konfederacja
1452,URBANIAK MICHAŁ,Konfederacja
1453,CHMIEL MAŁGORZATA,KO
1454,GILL-PIĄTEK HANNA,KO
1455,PAWLICZAK KAROLINA,KO
1456,WYPIJ MICHAŁ,KO
1457,ZALEWSKI PAWEŁ,Polska2050
1458,SZRAMKA PAWEŁ,KO
1459,LENZ TOMASZ,KO
1461,DZIAMBOR ARTUR,Wolnościowcy
1462,SIARKOWSKA ANNA MARIA,niez.
1460,ŻALEK JACEK,PiS
1464,KULESZA JAKUB,Wolnościowcy
1465,SOŚNIERZ DOBROMIR,Wolnościowcy
1463,SONIK BOGUSŁAW,KO
1466,MACIEJEWSKA BEATA,Lewica
1467,BUKOWIEC STANISŁAW,Porozumienie
1468,GOWIN JAROSŁAW,Porozumienie
1469,MICHAŁEK IWONA,Porozumienie
1470,SROKA MAGDALENA,Porozumienie
1471,SIARKOWSKA ANNA MARIA,PiS
1474,PAWLICZAK KAROLINA,Lewica
1475,WINNICKI ROBERT,Konfederacja
1476,ZAGÓRSKI MAREK,PiS
1477,DZIAMBOR ARTUR,Konfederacja
1478,GILL-PIĄTEK HANNA,Polska2050
1479,WYPIJ MICHAŁ,Porozumienie
1480,KULESZA JAKUB,Konfederacja
1481,HAIDAR RIAD,KO
1482,KWIATKOWSKI ROBERT,PPS
1483,ROZENEK ANDRZEJ,PPS
1484,SENYSZYN JOANNA,PPS
1486,TYSZKA STANISŁAW,niez.
1485,BIELECKI JERZY,PiS
1487,TYSZKA STANISŁAW,Kukiz15
1488,MAKSYMOWICZ WOJCIECH,Polska2050
1489,MASŁOWSKA GABRIELA,PiS
1490,SZCZUDŁO ALEKSANDRA,PiS
1491,SZRAMKA PAWEŁ,PS
1492,JANCZYK WIESŁAW,PiS
1493,SZUMOWSKI ŁUKASZ,PiS
1494,ROZENEK ANDRZEJ,Lewica
1495,SENYSZYN JOANNA,Lewica
1496,KWIATKOWSKI ROBERT,Lewica
1497,ZALEWSKI PAWEŁ,niez.
1498,PAWŁOWSKA MONIKA,Porozumienie
1499,BUKOWIEC STANISŁAW,PiS
1500,WYPIJ MICHAŁ,PiS
1501,PAWŁOWSKA MONIKA,niez.
1502,GOWIN JAROSŁAW,PiS
1503,MICHAŁEK IWONA,PiS
1504,SROKA MAGDALENA,PiS
1505,GIRZYŃSKI ZBIGNIEW,WP
1506,JANOWSKA MAŁGORZATA,WP
1507,KOŁAKOWSKI LECH,niez.
1508,CZARTORYSKI ARKADIUSZ,WP
1509,GIRZYŃSKI ZBIGNIEW,niez.
1510,JANOWSKA MAŁGORZATA,niez.
1512,GRAMATYKA MICHAŁ,KO
1511,GIRZYŃSKI ZBIGNIEW,PiS
1513,RAŚ IRENEUSZ,niez.
1514,RAŚ IRENEUSZ,KO
1516,MUNYAMA KILLION,KO
1515,ZALEWSKI PAWEŁ,KO
1517,WILK JERZY,PiS
1518,MAKSYMOWICZ WOJCIECH,PiS
1519,SOŚNIERZ ANDRZEJ,PiS
1521,SZRAMKA PAWEŁ,Kukiz15
1520,SUCHOŃ MIROSŁAW,KO
1522,ŚCIGAJ AGNIESZKA,niez.
1523,ZIMOCH TOMASZ,niez.
1524,WASILEWSKA ANNA,KO
1525,PAWŁOWSKA MONIKA,Lewica
1526,ZIMOCH TOMASZ,KO
1527,MUCHA JOANNA,KO
1528,HENNIG-KLOSKA PAULINA,KO
1529,SACHAJKO JAROSŁAW,niez.
1530,ŻUK STANISŁAW,niez.
1531,MUCHA JOANNA,niez.
1532,FEDAK JOLANTA,KP
1533,KUKIZ PAWEŁ,niez.
1534,BEJDA PAWEŁ,PSL-Kukiz15
1535,FEDAK JOLANTA,PSL-Kukiz15
1536,KLIMCZAK DARIUSZ,PSL-Kukiz15
1537,LUBCZYK RADOSŁAW,PSL-Kukiz15
1538,RZEPA JAROSŁAW,PSL-Kukiz15
1539,SAWICKI MAREK,PSL-Kukiz15
1540,ZIEJEWSKI ZBIGNIEW,PSL-Kukiz15
1541,ŻELAZOWSKA BOŻENA,PSL-Kukiz15
1542,ŁOPATA JAN,PSL-Kukiz15
1543,ŻUK STANISŁAW,PSL-Kukiz15
1544,BIERNACKI MAREK,PSL-Kukiz15
1545,MALISZEWSKI MIROSŁAW,PSL-Kukiz15
1546,SIEKIERSKI CZESŁAW,PSL-Kukiz15
1547,GRZYB ANDRZEJ,PSL-Kukiz15
1548,NOWOGÓRSKA URSZULA,PSL-Kukiz15
1549,SZRAMKA PAWEŁ,PSL-Kukiz15
1550,KASPRZAK MIECZYSŁAW,PSL-Kukiz15
1551,PASŁAWSKA URSZULA,PSL-Kukiz15
1552,ŚCIGAJ AGNIESZKA,PSL-Kukiz15
1553,PASZYK KRZYSZTOF,PSL-Kukiz15
1554,TOMCZAK JACEK,PSL-Kukiz15
1555,KOSINIAK-KAMYSZ WŁADYSŁAW,PSL-Kukiz15
1556,PROTASIEWICZ JACEK,PSL-Kukiz15
1557,ZGORZELSKI PIOTR,PSL-Kukiz15
1558,KRAJEWSKI STEFAN,PSL-Kukiz15
1559,KURZAWA DARIUSZ,PSL-Kukiz15
1560,SACHAJKO JAROSŁAW,PSL-Kukiz15
1561,BARTOSZEWSKI WŁADYSŁAW TEOFIL,PSL-Kukiz15
1562,KUKIZ PAWEŁ,PSL-Kukiz15
1563,TYSZKA STANISŁAW,PSL-Kukiz15
1564,TYSZKA STANISŁAW,KP
1565,SACHAJKO JAROSŁAW,KP
1566,ŚCIGAJ AGNIESZKA,KP
1567,KUKIZ PAWEŁ,KP
1568,ŻUK STANISŁAW,KP
1569,SZRAMKA PAWEŁ,KP
1570,LIPIŃSKI ADAM,PiS
1571,SCHMIDT-RODZIEWICZ ANNA,PiS
1572,GILL-PIĄTEK HANNA,Lewica
1573,TARCZYŃSKI DOMINIK,PiS
1574,DAJCZAK WŁADYSŁAW,PiS
1575,LENIART EWA,PiS
1576,OPIOŁA MAREK,PiS
1577,ADAMCZYK RAFAŁ,SLD
1578,IWANIAK ARKADIUSZ,SLD
1579,PAWLICZAK KAROLINA,SLD
1580,TOMASZEWSKI TADEUSZ,SLD
1581,AJCHLER ROMUALD,SLD
1582,KONIECZNY MACIEJ,SLD
1583,PAWŁOWSKA MONIKA,SLD
1584,TRELA TOMASZ,SLD
1585,BIEJAT MAGDALENA,SLD
1586,KOPERSKI PRZEMYSŁAW,SLD
1587,PROKOP-PACZKOWSKA MAŁGORZATA,SLD
1588,UEBERHAN KATARZYNA,SLD
1589,BUŻ WIESŁAW,SLD
1590,KOPIEC MACIEJ,SLD
1591,ROZENEK ANDRZEJ,SLD
1592,WIECZOREK DARIUSZ,SLD
1593,CZARZASTY WŁODZIMIERZ,SLD
1594,KOTULA KATARZYNA,SLD
1595,RUTKA MAREK,SLD
1596,WOLSKI ZDZISŁAW,SLD
1597,CZERNIAK JACEK,SLD
1598,KRETKOWSKA KATARZYNA,SLD
1599,SCHEURING-WIELGUS JOANNA,SLD
1600,WONTOR BOGUSŁAW,SLD
1601,DYDUCH MAREK,SLD
1602,KRUTUL PAWEŁ,SLD
1603,SEKUŁA-SZMAJDZIŃSKA MAŁGORZATA,SLD
1604,ZANDBERG ADRIAN,SLD
1605,DZIEMIANOWICZ-BĄK AGNIESZKA,SLD
1606,KULASEK MARCIN,SLD
1607,SENYSZYN JOANNA,SLD
1608,ZAWISZA MARCELINA,SLD
1609,FALEJ MONIKA,SLD
1610,KWIATKOWSKI ROBERT,SLD
1611,SOWIŃSKA ANITA,SLD
1612,ŻUKOWSKA ANNA MARIA,SLD
1613,GAWKOWSKI KRZYSZTOF,SLD
1614,MACIEJEWSKA BEATA,SLD
1615,SZCZEPAŃSKI WIESŁAW,SLD
1616,GDULA MACIEJ,SLD
1617,MATYSIAK PAULINA,SLD
1618,SZEJNA ANDRZEJ,SLD
1619,GILL-PIĄTEK HANNA,SLD
1620,NOWICKA WANDA,SLD
1621,SZOPIŃSKI JAN,SLD
1622,GOSEK-POPIOŁEK DARIA,SLD
1623,OBAZ ROBERT,SLD
1624,ŚMISZEK KRZYSZTOF,SLD
1625,BARTOSZEWSKI WŁADYSŁAW TEOFIL,PSL
1626,KRAJEWSKI STEFAN,PSL
1627,PASZYK KRZYSZTOF,PSL
1628,TOMCZAK JACEK,PSL
1629,BEJDA PAWEŁ,PSL
1630,KUKIZ PAWEŁ,PSL
1631,PROTASIEWICZ JACEK,PSL
1632,TYSZKA STANISŁAW,PSL
1633,BIERNACKI MAREK,PSL
1634,KURZAWA DARIUSZ,PSL
1635,RZEPA JAROSŁAW,PSL
1636,ZGORZELSKI PIOTR,PSL
1637,FEDAK JOLANTA,PSL
1638,LUBCZYK RADOSŁAW,PSL
1639,SACHAJKO JAROSŁAW,PSL
1640,ZIEJEWSKI ZBIGNIEW,PSL
1641,GRZYB ANDRZEJ,PSL
1642,ŁOPATA JAN,PSL
1643,SAWICKI MAREK,PSL
1644,ŻELAZOWSKA BOŻENA,PSL
1645,KASPRZAK MIECZYSŁAW,PSL
1646,MALISZEWSKI MIROSŁAW,PSL
1647,SIEKIERSKI CZESŁAW,PSL
1648,ŻUK STANISŁAW,PSL
1649,KLIMCZAK DARIUSZ,PSL
1650,NOWOGÓRSKA URSZULA,PSL
1651,SZRAMKA PAWEŁ,PSL
1652,KOSINIAK-KAMYSZ WŁADYSŁAW,PSL
1653,PASŁAWSKA URSZULA,PSL
1654,ŚCIGAJ AGNIESZKA,PSL
1655,KUCHARSKA-DZIEDZIC ANITA,SLD
